{
    "name": "femnist",
    "type": 0,
    "label_name": "y",
    "parties": [
        "f0026_17",
        "f0035_19",
        "f0046_20",
        "f0073_45",
        "f0093_24",
        "f0111_36",
        "f0123_28",
        "f0162_02",
        "f0189_49",
        "f0192_22",
        "f0202_09",
        "f0210_17",
        "f0216_26",
        "f0243_29",
        "f0267_24",
        "f0355_32",
        "f0382_03",
        "f0383_43",
        "f0394_00",
        "f0399_44",
        "f0407_39",
        "f0413_09",
        "f0422_45",
        "f0484_46",
        "f0492_08",
        "f0530_15",
        "f0546_38",
        "f0553_03",
        "f0556_25",
        "f0561_12",
        "f0603_11",
        "f0604_11",
        "f0611_34",
        "f0663_30",
        "f0679_42",
        "f0706_13",
        "f0712_09",
        "f0741_44",
        "f0762_20",
        "f0797_22",
        "f0809_16",
        "f0822_30",
        "f0849_38",
        "f0866_22",
        "f0878_21",
        "f0913_31",
        "f0954_02",
        "f0958_28",
        "f0969_31",
        "f0970_15",
        "f0998_45",
        "f1021_16",
        "f1039_40",
        "f1044_04",
        "f1080_00",
        "f1106_01",
        "f1118_23",
        "f1124_24",
        "f1161_00",
        "f1196_16",
        "f1211_04",
        "f1228_30",
        "f1245_39",
        "f1260_34",
        "f1270_28",
        "f1335_30",
        "f1351_29",
        "f1362_31",
        "f1364_24",
        "f1393_25",
        "f1401_36",
        "f1452_02",
        "f1467_22",
        "f1473_30",
        "f1490_31",
        "f1509_45",
        "f1549_10",
        "f1566_38",
        "f1573_06",
        "f1574_26",
        "f1621_46",
        "f1661_05",
        "f1662_01",
        "f1685_23",
        "f1700_36",
        "f1703_29",
        "f1714_49",
        "f1745_36",
        "f1774_40",
        "f1794_07",
        "f1804_32",
        "f1838_49",
        "f1845_02",
        "f1852_35",
        "f1896_13",
        "f1919_17",
        "f1942_21",
        "f1947_49",
        "f1953_17",
        "f1986_20",
        "f2013_19",
        "f2014_07",
        "f2071_28",
        "f2092_41",
        "f2116_72",
        "f2130_74",
        "f2133_68",
        "f2176_64",
        "f2189_50",
        "f2230_67",
        "f2237_82",
        "f2246_93",
        "f2264_82",
        "f2292_70",
        "f2311_61",
        "f2360_75",
        "f2362_73",
        "f2382_52",
        "f2396_91",
        "f2407_74",
        "f2420_84",
        "f2438_76",
        "f2452_69",
        "f2480_61",
        "f2523_65",
        "f2543_98",
        "f2555_88",
        "f2580_69",
        "f2584_73",
        "f3123_42",
        "f3150_21",
        "f3154_48",
        "f3186_24",
        "f3192_37",
        "f3221_05",
        "f3224_05",
        "f3226_21",
        "f3240_48",
        "f3283_17",
        "f3309_37",
        "f3328_45",
        "f3330_43",
        "f3367_07",
        "f3376_29",
        "f3448_15",
        "f3454_44",
        "f3455_32",
        "f3457_40",
        "f3480_48",
        "f3506_22",
        "f3511_46",
        "f3540_36",
        "f3562_47",
        "f3575_04",
        "f3609_24",
        "f3650_20",
        "f3662_24",
        "f3699_41",
        "f3700_25",
        "f3713_40",
        "f3715_44",
        "f3779_49",
        "f3791_09",
        "f3806_01",
        "f3809_17",
        "f3846_02",
        "f3868_35",
        "f3882_22",
        "f3923_00",
        "f3934_45",
        "f3940_26",
        "f3950_44",
        "f3984_32",
        "f4014_43",
        "f4016_16",
        "f4031_33",
        "f4033_05",
        "f4080_22"
    ],
    "options": {
        "leaf_args": "-s niid --sf 0.05 -k 100 -t sample --smplseed 1234567890 --spltseed 1234567890"
    }
}